{
	"cacheName": "PRCON_CACHE",
	"cacheFiles": {
		"css": [
			".",
			"common.css",
			"forBlocks.css",
			"generalStructure.css",
			"layers.css",
			"loader.css",
			"rules.css",
			"scroll.css"
		],
		"js": [
			".",
			"CE.js",
			"PATH.js",
			"UI_click.js",
			"UI_contextmenu.js",
			"UI_ctx.js",
			"UI_index.js",
			"UI_main.js",
			"common.js",
			"events.js",
			"interactive.js",
			"interactive_index.js",
			"js.js",
			"jsSrc.js",
			"jsStyle.js",
			"parser.js",
			"scroll.js",
			"settings_declare.js",
			"util.js"
		],
        "js/redactors":[
        	"."
        ],
        "js/lang":[
        	".",
            "setter.js",
            "en.js",
            "ru.js"
        ],
		"js/redactors/light file editor":[
			".",
			"UI.js",
			"index.js",
			"js.js",
			"src.js",
			"style.css",
			"style.js"
		],
		"icons": [
			".",
			"android-icon-144x144.png",
			"android-icon-192x192.png",
			"android-icon-36x36.png",
			"android-icon-48x48.png",
			"android-icon-72x72.png",
			"android-icon-96x96.png",
			"apple-icon-114x114.png",
			"apple-icon-120x120.png",
			"apple-icon-144x144.png",
			"apple-icon-152x152.png",
			"apple-icon-180x180.png",
			"apple-icon-57x57.png",
			"apple-icon-60x60.png",
			"apple-icon-72x72.png",
			"apple-icon-76x76.png",
			"apple-icon-precomposed.png",
			"apple-icon.png",
			"browserconfig.xml",
			"favicon-16x16.png",
			"favicon-32x32.png",
			"favicon-96x96.png",
			"favicon.ico",
			"icon-512x512.png",
			"manifest.json",
			"ms-icon-144x144.png",
			"ms-icon-150x150.png",
			"ms-icon-310x310.png",
			"ms-icon-70x70.png"
		],
		".": [
			".",
			"index.html",
			"manifest.json",
			"precache.js"
		]
	},
	"updateIf": {
		"changedFiles": [
			"version.js"
		]
	}
}
