{"cacheName":"PRCON_CACHE","cacheFiles":{".":[".","console.php","index.html","langs.js","manifest.json","precache.js","precache.json","redactors.js","sw.js","test.js","version.js"],"css":[".","common.css","forBlocks.css","generalStructure.css","layers.css","loader.css","rules.css","scroll.css"],"icons":[".","android-icon-144x144.png","android-icon-192x192.png","android-icon-36x36.png","android-icon-48x48.png","android-icon-72x72.png","android-icon-96x96.png","apple-icon-114x114.png","apple-icon-120x120.png","apple-icon-144x144.png","apple-icon-152x152.png","apple-icon-180x180.png","apple-icon-57x57.png","apple-icon-60x60.png","apple-icon-72x72.png","apple-icon-76x76.png","apple-icon-precomposed.png","apple-icon.png","browserconfig.xml","favicon-16x16.png","favicon-32x32.png","favicon-96x96.png","favicon.ico","icon-512x512.png","manifest.json","ms-icon-144x144.png","ms-icon-150x150.png","ms-icon-310x310.png","ms-icon-70x70.png"],"js":[".","CE.js","PATH.js","UI_click.js","UI_contextmenu.js","UI_ctx.js","UI_index.js","UI_main.js","common.js","events.js","interactive.js","interactive_index.js","js.js","jsSrc.js","jsStyle.js","parser.js","scroll.js","settings_declare.js","util.js"],"css/fonts":["."],"css/fonts/hack":[".","index.css"],"js/lang":[".","en.js","ru.js","setter.js"],"js/redactors":[".","setter.js"],"js/redactors/codeMirror editor":[".","UI.js","codeMirror_init.js","index.js","index.html","src.js","style.css"],"js/redactors/light file editor":[".","UI.js","index.js","js.js","src.js","style.css","style.js"],"css/fonts/hack/fonts":[".","hack-bold-subset.woff","hack-bold-subset.woff2","hack-bold.woff2","hack-bolditalic-subset.woff","hack-bolditalic-subset.woff2","hack-bolditalic.woff","hack-bolditalic.woff2","hack-italic-subset.woff","hack-italic-subset.woff2","hack-italic.woff","hack-italic.woff2","hack-regular-subset.woff","hack-regular-subset.woff2","hack-regular.woff","hack-regular.woff2"],"js/redactors/codeMirror editor/codeMirror":[".","CoffeeScript.js","HTML + CSS.lint.js","HTML + JS + CSS.lint.js","HTML + JS.lint.js","HTML.hint.js","HTML.lint.js","PHP + CSS.lint.js","PHP + HTML.lint.js","PHP + JS + CSS + HTML.lint.js","PHP + JS.lint.js","PHP.hint.js","PHP.lint.js","coffeescript.hint.js"]},"updateIf":{"changedFiles":["version.js"]}}